{"credit":"By Ewan Howell","parent":"block/thin_block","textures":{"1":"block/pale_moss_block_top","2":"block/pale_moss_block_snow","3":"block/pale_moss_block","particle":"block/pale_moss_block"},"elements":[{"from":[0,0,0],"to":[16,1,16],"faces":{"north":{"uv":[16,0,0,1],"texture":"#2","cullface":"north"},"east":{"uv":[16,0,0,1],"texture":"#2","cullface":"east"},"south":{"uv":[16,0,0,1],"texture":"#2","cullface":"south"},"west":{"uv":[16,0,0,1],"texture":"#2","cullface":"west"},"up":{"uv":[0,0,16,16],"texture":"#1"},"down":{"uv":[0,0,16,16],"texture":"#3","cullface":"down"}}}]}